Position,Parametro,Coeficiente para regressão
2,view_mean,0.3732200360586011
0,likes_mean,0.1678438286517744
7,dislike_std,0.15496454397202333
6,dislike_mean,0.05756773420383723
1,likes_std,0.027823830633219138
