Base utilizada,MAE,MSE
Geral,0.3507371548651297,0.3977645810891414
Views,0.3099424225394416,0.3607402872847538
Views e Likes,0.29458746570548594,0.34720609048117634
"Vies, likes e dislikes",0.31518495805187347,0.3707967124521461
